pdb_code,protein_name,pdb_path,kDa,brightness,emission,qy,sequence
7ZCT,mScarlet3,data/raw/7ZCT.pdb,25.85,78.0,592,0.75,MDSTEAVIKEFMRFKVHMEGSMNGHEFEIEGEGEGRPYEGTQTAKLRVTKGGPLPFSWDILSPQFMYGSRAFTKHPADIPDYWKQSFPEGFKWERVMNFEDGGAVSVAQDTSLEDGTLIYKVKLRGTNFPPDGPVMQKKTMGWEASTERLYPEDVVLKGDIKMALRLKDGGRYLADFKTTYRAKKPVQMPGAFNIDRKLDITSHNEDYTVVEQYERSVARHSTGGSGGS
6XWY,mCRISPRed,data/raw/6XWY.pdb,26.59,13.11,592,0.46,MVSKGEELIKENMRMKVVMEGSVNGHQFKCTGEGEGRPYEGVQTMRIKVIEGGPLPFAFDILATSFMYGSRTFIKYPADIPDFFKQSFPEGFTWERVTRYEDGGVVTVTQDTSLEDGELVYNVKVRGVNFPSNGPVMQKKTKGWEADTEMMYPADGGLRGYLDRALKVDGGGHLHCNFVTTYRSKKTVGDIKMPGVHAVDHRLERIEESDNETYVVQREVAVAKYSNLGGGMDELYK
3KCT,PAmCherry1,data/raw/3KCT.pdb,26.77,8.28,595,0.46,MVSKGEEDNMAIIKEFMRFKVHMEGSVNGHVFEIEGEGEGRPYEGTQTAKLKVTKGGPLPFTWDILSPQFMYGSNAYVKHPADIPDYFKLSFPEGFKWERVMKFEDGGVVTVTQDSSLQDGEFIYKVKLRGTNFPSDGPVMQKKTMGWEALSERMYPEDGALKGEVKPRVKLKDGGHYDAEVKTTYKAKKPVQLPGAYNVNRKLDITSHNEDYTIVEQYERAEGRHSTGGMDELYK
7OIN,LSSmScarlet,data/raw/7OIN.pdb,26.27,12.68,598,0.42,MVSKGEAVIKEFMRFKVHMEGSMNGHEFEIEGEGEGRPYEGTQTAKLKVTKGGPLPFSWDILSPQFMYGSRAFIKHPADIPDYHKQSFPEGFKWERVMNFEDGGAVTVTQDTSLEDGTLIYEVKLRGTNFPPDGPVMQKKTMGLEADTERLYPEDGVLKGDIKMALRLKDGGRYLADVRTTYKAKKPVQMPGAYNVDRKLDITSHNEDYTVVEQYERSEGRHSTGGMDELYK
8ARM,LSSmScarlet2,data/raw/8ARM.pdb,26.25,8.7,600,0.29,MVSKGEAVIKEFMRFKVHMEGSMNGHEFEIEGEGEGRPYEGTQTAKLKVTKGGPLPFSWDILSPQFMYGSRAFTKHPADIPDYHKQSFPEGFKWERVMNFEDGGAVTVTQDTSLEDGTLIYEVKLRGTNFPPDGPVMQKKTMGLEADTERLYPEDGVLKGDIKMALRLKGGGRYLAHVRTTYKAKKPVLMPGAYNVDRKLDITSHNEDYTVVEQFERSEGRHSTGDMDELYK
3NT3,LSS-mKate2,data/raw/3NT3.pdb,26.2,4.42,605,0.17,MSELIKENMHMKLYMEGTVNNHHFKCTSEGEGKPYEGTQTMRIKVVEGGPLPFAFDILATSFMYGSYTFINHTQGIPDFFKQSFPEGFTWERVTTYEDGGVLTATQDTSLQDGCLIYNVKIRGVNFTSNGPVMQKKTLGWEAGTEMLYPADGGLEGRSDDALKLVGGGHLICNLKSTYRSKKPAKNLKVPGVYYVDRRLERIKEADKETYVEQHEVAVARYCDLPSKLGHKLN
3U0L,mRuby,data/raw/3U0L.pdb,25.22,39.2,605,0.35,MNSLIKENMRMKVVLEGSVNGHQFKCTGEGEGNPYMGTQTMRIKVIEGGPLPFAFDILATSFMYGSRTFIKYPKGIPDFFKQSFPEGFTWERVTRYEDGGVITVMQDTSLEDGCLVYHAQVRGVNFPSNGAVMQKKTKGWEPNTEMMYPADGGLRGYTHMALKVDGGGHLSCSFVTTYRSKKTVGNIKMPGIHAVDHRLERLEESDNEMFVVQREHAVAKFAGLGGG
7RY2,mSandy2,data/raw/7RY2.pdb,25.68,27.65,606,0.35,MAIIKEFMRFKVHMEGSVNGHEFEIEGEGEGRPYEGTQTAKLKVTKGGPLPFAWDILSLQFMYGSKAYVKHPADIPDYLKLSFPEGFKWERVMNFEDGGVVTVTQDSSLQDGEFIYKVKLHGTNFPSDGPVMQKKTMGSEASSERMYPEDGALKGEVKVRFKLKDGGHYVAEVKTTYKAKKPVQLPGAYYANIKMDITSHNEDYTIVEQYERCEGRHSTGGMDELYK
6U1A,FusionRed,data/raw/6U1A.pdb,25.58,17.95,608,0.19,MVSELIKENMPMKLYMEGTVNNHHFKCTSEGEGKPYEGTQTMRIKVVEGGPLPFAFDILATSFMXGSRTFIKHPPGIPDFFKQSFPEGFTWERVTTYEDGGVLTATQDTSLQDGCLIYNVKVRGVNFPANGPVMQKKTLGWEASTETMYPADGGLEGACDMALKLVGGGHLICNLETTYRSKKPATNLKMPGVYNVDHRLERIKEADDETYVEQHEVAVARYSTGGAGDGGK
3WCK,SuperNovaRed,data/raw/3WCK.pdb,26.35,13.5,610,0.3,MEVGPALFQSDMTFKIFIDGEVNGQKFTIVADGSSKFPHGDFNVHAVCETGKLPMSWKPICHLIQYGEPFFARYPDGISHFAQECFPEGLSIDRTVRFENDGTMTSHHTYELDDTCVVSRITVNCDGFQPDGPIMRDQLVDILPSETHMFPHGPNAVRQTATIGFTTADGGKMMGHFDSKMTFNGSRAIEIPGPHFVTIITKQTRDTSDKRDHVCQREVAYAHSVPRITSAIGSDED
3GB3,KillerRed,data/raw/3GB3.pdb,26.4,11.25,610,0.25,MEGGPALFQSDMTFKIFIDGEVNGQKFTIVADGSSKFPHGDFNVHAVCETGKLPMSWKPICHLIQYGEPFFARYPDGISHFAQECFPEGLSIDRTVRFENDGTMTSHHTYELDDTCVVSRITVNCDGFQPDGPIMRDQLVDILPNETHMFPHGPNAVRQLAFIGFTTADGGLMMGHFDSKMTFNGSRAIEIPGPHFVTIITKQMRDTSDKRDHVCQREVAYAHSVPRITSAIGSDED
1UIS,eqFP611,data/raw/1UIS.pdb,26.05,35.1,611,0.45,MNSLIKENMRMMVVMEGSVNGYQFKCTGEGDGNPYMGTQTMRIKVVEGGPLPFAFDILATSFMYGSKTFIKHTKGIPDFFKQSFPEGFTWERVTRYEDGGVFTVMQDTSLEDGCLVYHAKVTGVNFPSNGAVMQKKTKGWEPNTEMLYPADGGLRGYSQMALNVDGGGYLSCSFETTYRSKKTVENFKMPGFHFVDHRLERLEESDKEMFVVQHEHAVAKFCDLPSKLGRL
3E5T,eqFP611V124T,data/raw/3E5T.pdb,26.05,31.08,611,0.42,MNSLIKENMRMMVVMEGSVNGYQFKCTGEGDGNPYMGTQTMRIKVVEGGPLPFAFDILATSFMYGSKTFIKHTKGIPDFFKQSFPEGFTWERVTRYEDGGVFTVMQDTSLEDGCLVYHAKVTGVNFPSNGAVMQKKTKGWEPNTEMLYPADGGLRGYSQMALNVDGGGYLSCSFETTYRSKKTVENFKMPGFHFVDHRLERLEESDKEMFVVQHEHAVAKFCDLPSKLGRL
8XC6,tKeima,data/raw/8XC6.pdb,25.03,3.19,616,0.22,MVSVIAKQMTYKVYMSGTVNGHYFEVEGDGKGKPYEGEQTVKLTVTKGGPLPFAWDILSPLFQYGSIPFTKYPEDIPDYVKQSFPEGYTWERTMNFEDGAVCTVSNDSSIQGNCFIYNVKISGVNFPPNGPVMQKKTQGWEPSTERLFARDGMLIGNDYMALKLEGGGHYLCEFKSTYKAKKPVRMPGYHYVDRKLDVTSHNRDYTSVEQCEIAIARHSLLG
3IR8,mKeima,data/raw/3IR8.pdb,25.05,3.46,620,0.24,MVSVIAKQMTYKVYMSGTVNGHYFEVEGDGKGKPYEGEQTVKLTVTKGGPLPFAWDILSPQLQYGSIPFTKYPEDIPDYFKQSFPEGYTWERSMNFEDGAVCTVSNDSSIQGNCFIYNVKISGENFPPNGPVMQKKTQGWEPSTERLFARDGMLIGNDYMALKLEGGGHYLCEFKSTYKAKKPVRMPGRHEIDRKLDVTSHNRDYTSVEQCEIAIARHSLLG
4NWS,PSLSSmKate,data/raw/4NWS.pdb,26.2,1.36,621,0.16,MSELIKENMHMKLYMEGTVNNHHFKCTSEGEGKPYEGTQTMRIKVVEGGPLPFAFDILATSFMYGSKTFINHTQGIPDFFKQSFPEGFTWERVTTYEDGGVLTATQDTSLQDGCLIYNVKIRGVNFTSNGPVMQKKTLGWEASTEMLYPADGGLEGRSDEALKLVGGGHLICNLKSTYRSKKPAKNLKVPGVYYVDRRLERIKEADKETYVEQHEVAVARYCDLPSKLGHKLN
7QGK,mRubyFT,data/raw/7QGK.pdb,26.43,2.55,624,0.09,MVSKGEELIKENMRMKVVMEGSVNGHQFKCTGEGEGNPYMGTQTMRIKVIEGGPLPFAFDILATSFLYGSRTFIKYPKGIPDFFKQSFPEGFTWERVTRYEDGGVVTVMQDTSLEDGCLVYHVQVRGVDFPSNGPVMQKKTKGWEPSTEMMYPADGGLRGYTHMALKVDGGGHLSCSFVTTYRSKKTVGNIKMPGIHAVDHRLERLEESDNEMFVVLREHSVAKFAGRGGMDELYK
3SVN,mKateS158A,data/raw/3SVN.pdb,26.01,22.5,630,0.3,MSELIKENMHMKLYMEGTVNNHHFKCTSEGEGKPYEGTQTMRIKVVEGGPLPFAFDILATSFMYGSKTFINHTQGIPDFFKQSFPEGFTWERVTTYEDGGVLTATQDTSLQDGCLIYNVKIRGVNFPSNGPVMQKKTLGWEASTEMLYPADGGLEGRADMALKLVGGGHLICNLKTTYRSKKPAKNLKMPGVYYVDRRLERIKEADKETYVEQHEVAVARYCDLPSKLGHK
3NEZ,mRojoA,data/raw/3NEZ.pdb,26.74,0.96,633,0.02,MVSKGEEDNMAIIKEFMRFKTHMEGSVNGHEFEIEGEGEGRPYEGTQTAKLKVTKGGPLPFAWDILSPQFMYGSKAYVKHPADIPDYLKLSFPEGFKWERVMNFEDGGVVTVTQDSSLQDGEFIYKVKLHGTNFPSDGPVMQKKTMGWEASSERMYPEDGALKGEIKLRLKLKDGGHYDAEVKTTYKAKKPVQLPGAYNANYKLDITSHNEDYTIVEQYERCEGRHSTGGMDELYK
3PJ5,Katushka,data/raw/3PJ5.pdb,26.01,22.1,635,0.34,MSVLITENMHMKLYMEGTVNDHHFKCTSEGEGKPYEGTQTMKIKVVEGGPLPFAFDILATSFMYGSKTFINHTQGIPDFFKQSFPEGFTWERITTYEDGGVLTATQDTSLQNGCLIYNVKINGVNFPSNGPVMQKKTLGWEASTEMLYPADSGLRGHSQMALKLVGGGYLHCSLKTTYRSKKPAKNLKMPGFYFVDRRLERIKEADKETYVEQHEMAVARYCDLPSKLGHS
3BXA,mKate,data/raw/3BXA.pdb,26.02,14.85,635,0.33,MSELIKENMHMKLYMEGTVNNHHFKCTSEGEGKPYEGTQTMRIKVVEGGPLPFAFDILATSFMYGSKTFINHTQGIPDFFKQSFPEGFTWERVTTYEDGGVLTATQDTSLQDGCLIYNVKIRGVNFPSNGPVMQKKTLGWEASTEMLYPADGGLEGRSDMALKLVGGGHLICNLKTTYRSKKPAKNLKMPGVYYVDRRLERIKEADKETYVEQHEVAVARYCDLPSKLGHK
3NED,mRouge,data/raw/3NED.pdb,26.79,0.86,637,0.02,MVSKGEEDNMAIIKEFMRFKTHMEGSVNGHEFEIEGEGEGRPYEGTQTAKLKVTKGGPLPFAWDILSPQFMYGSKAYVKHPADIPDYLKLSFPEGFKWERVMNFEDGGVVTVTQDSSLQDGEFIYKVKLRGTNFPSDGPVMQKKTMGWEACSERMYPEDGALKGEMKMRLKLKDGGHYDAEVKTTYKAKKPVQLPGAYNTNTKLDITSHNEDYTIVEQYERNEGRHSTGGMDELYK
2QLG,mPlum,data/raw/2QLG.pdb,25.59,4.1,649,0.1,MVSKGEEVIKEFMRFKEHMEGSVNGHEFEIEGEGEGRPYEGTQTARLKVTKGGPLPFAWDILSPQIMYGSKAYVKHPADIPDYLKLSFPEGFKWERVMNFEDGGVVTVTQDSSLQDGEFIYKVKVRGTNFPSDGPVMQKKTMGWEASSERMYPEDGALKGEMKMRLRLKDGGHYDAEVKTTYMAKKPVQLPGAYKTDIKLDITSHNEDYTIVEQYERAEGRHSTGA
4EDO,eqFP650,data/raw/4EDO.pdb,26.18,15.6,650,0.24,MGEDSELISENMHMKLYMEGTVNGHHFKCTSEGEGKPYEGTQTAKIKVVEGGPLPFAFDILATSFMYGSKTFINHTQGIPDFFKQSFPEGFTWERITTYEDGGVLTATQDTSLQNGCLIYNVKINGVNFPSNGPVMQKKTLGWEASTEMLYPADSGLRGHSQMALKLVGGGYLHCSLKTTYRSKKPAKNLKMPGFYFVDRKLERIKEADKETYVEQHEMAVARYCDLPSKLGHS
3IP2,Neptune,data/raw/3IP2.pdb,27.44,12.96,650,0.18,MVSKGEELIKEDMHMKLYMEGTVNNHHFKCTSEGEGKPYEGTQTGRIKVVEGGPLPFAFDILATCFMYGSKTFINHTQGIPDFFKQSFPEGFTWERVTTYEDGGVLTATQDTSLQDGCLIYNVKIRGVNFPSNGPVMQKKTLGWEASTEMLYPADGGLEGRCDMALKLVGGGHLICNLKTTYRSKKPAKNLKMPGVYFVDRRLERIKEADNETYVEQHEVAVARYCDLPSKLGHKLNGMDELYK
4OQW,mCardinal,data/raw/4OQW.pdb,27.55,16.53,659,0.19,MVSKGEELIKENMHMKLYMEGTVNNHHFKCTTEGEGKPYEGTQTQRIKVVEGGPLPFAFDILATCFMYGSKTFINHTQGIPDFFKQSFPEGFTWERVTTYEDGGVLTVTQDTSLQDGCLIYNVKLRGVNFPSNGPVMQKKTLGWEATTETLYPADGGLEGRCDMALKLVGGGHLHCNLKTTYRSKKPAKNLKMPGVYFVDRRLERIKEADNETYVEQHEVAVARYCDLPSKLGHKLNGMDELYK
4EDS,eqFP670,data/raw/4EDS.pdb,26.23,4.2,670,0.06,MGEDSELISENMHTKLYMEGTVNGHHFKCTSEGEGKPYEGTQTCKIKVVEGGPLPFAFDILATSFMYGSKTFINHTQGIPDFFKQSFPEGFTWERITTYEDGGVLTATQDTSLQNGCLIYNVKINGVNFPSNGPVMQKKTLGWEANTEMLYPADSGLRGHNQMALKLVGGGYLHCSLKTTYRSKKPAKNLKMPGFYFVDRKLERIKEADKETYVEQHEMAVARYCDLPSKLGHS
4KGF,TagRFP675,data/raw/4KGF.pdb,26.38,3.68,675,0.08,MSELIKENMHMKLYMEGTVNNHHFKCTSEGEGKPYEGTQTQRIKVVEGGPLPFAFDILATSFMYGSKTFINHTQGIPDFWKQSFPEGFTWERVTTYEDGGVLTATQDTSLQDGCLIYNVKIRGVNFPSNGPVMQKKTLGWEANTEMMYPADGGLEGRNYMALKLVGGGHLICSLKTTYRSKKPAKNLKMPGVYYVDRRLERIKEADKETYVEQHEVAVARYCDLPSKLGHKLN
5YT1,mNeptune684,data/raw/5YT1.pdb,27.51,1.17,684,0.03,MVSKGEELIKENMHMKLYMEGTVNNHHFKCTSEGEGKPYEGTQTQRIKVVEGGPLPFAFDILATCFMYGSKTFINHTQGIPDFFKQSFPEGFTWERVTTYEDGGVLTATQDTSLQDGCLIYNVKIRGVNFPSNGPVMQKKTLGWEANTETLYPADGGLRGHNPMALKLVGGGHLICNLKTTYRSKKPAKNLKMPGVYFVDRRLERIKEADNETYVEQHEVAVARYCDLPSKLGHKLNGMDELYK
1ZGO,DsRed,data/raw/1ZGO.pdb,25.9,49.3,583,0.68,MRSSKNVIKEFMRFKVRMEGTVNGHEFEIEGEGEGRPYEGHNTVKLKVTKGGPLPFAWDILSPQFQYGSKVYVKHPADIPDYKKLSFPEGFKWERVMNFEDGGVVTVTQDSSLQDGCFIYKVKFIGVNFPSDGPVMQKKTMGWEASTERLYPRDGVLKGEIHKALKLKDGGHYLVEFKSIYMAKKPVQLPGYYYVDSKLDITSHNEDYTIVEQYERTEGRHHLFL
3M22,TagRFP,data/raw/3M22.pdb,26.1,48.0,584,0.48,MSELIKENMHMKLYMEGTVNNHHFKCTSEGEGKPYEGTQTMRIKVVEGGPLPFAFDILATSFMYGSRTFINHTQGIPDFFKQSFPEGFTWERVTTYEDGGVLTATQDTSLQDGCLIYNVKIRGVNFPSNGPVMQKKTLGWEANTEMLYPADGGLEGRSDMALKLVGGGHLICNFKTTYRSKKPAKNLKMPGVYYVDHRLERIKEADKETYVEQHEVAVARYCDLPSKLGHK
1XQM,asulCP,data/raw/1XQM.pdb,25.9,0.12,595,0.0,MASFLKKTMPFKTTIEGTVNGHYFKCTGKGEGNPFEGTQEMKIEVIEGGPLPFAFHILSTSCMYGSKTFIKYVSGIPDYFKQSFPEGFTWERTTTYEDGGFLTAHQDTSLDGDCLVYKVKILGNNFPADGPVMQNKAGRWEPATEIVYEVDGVLRGQSLMALKCPGGRHLTCHLHTTYRSKKPASALKMPGFHFEDHRIEIMEEVEKGKCYKQYEAAVGRYCDAAPSKLGHN
2VAD,DsRedM1,data/raw/2VAD.pdb,25.4,3.82,587,0.14,MDNTEDVIKE FMQFKVRMEG SVNGHYFEIE GEGEGKPYEG TQTAKLQVTK GGPLPFAWDI LSPQFQYGSK AYVKHPADIP DYMKLSFPEG FTWERSMNFE DGGVVEVQQD SSLQDGTFIY KVKFKGVNFP ADGPVMQKKT AGWEPSTEKL YPQDGVLKGE ISHALKLKDG GHYTCDFKTV YKAKKPVQLP GNHYVDSKLD ITNHNEDYTV VEQYEHAEAR HSGSQ
2V4E,DsRedMax,data/raw/2V4E.pdb,25.7,19.68,589,0.41,MDSTENVIKP FMRFKVHMEG SVNGHEFEIE GEGEGKPYEG TQTAKLQVTK GGPLPFAWDI LSPQFMYGSK VYTKHPADIP DYKKLSFPEG FKWERVMNFE DGGVVTVTQD SSLQDGTFIY HVKFIGVNFP SDGPVMQKKT LGWEPSTERL YPRDGVLKGE IHKALKLKGG GHYLCEFKSI YMAKKPVKLP GYYYVDSKLD ITSHNEDYTV VEQYERTEAR HHLFQ
2VAE,DsRedT4,data/raw/2VAE.pdb,25.8,13.33,586,0.44,MASSEDVIKE FMRFKVRMEG SVNGHEFEIE GEGEGRPYEG TQTAKLKVTK GGPLPFAWDI LSPQFQYGSK VYVKHPADIP DYKKLSFPEG FKWERVMNFE DGGVVTVTQD SSLQDGCFIY KVKFIGVNFP SDGPVMQKKT MGWEPSTERL YPRDGVLKGE IHKALKLKDG GHYLVEFKSI YMAKKPVQLP GYYYVDSKLD ITSHNEDYTI VEQYERAEGR HHLFL
2B3Q,FoldingReporterGFP,data/raw/2B3Q.pdb,26.8,59.33,530,0.72,MSKGEELFTG VVPILVELDG DVNGHKFSVS GEGEGDATYG KLTLKFICTT GKLPVPWPTL VTTLTYGVQC FSRYPDHMKR HDFFKSAMPE GYVQERTISF KDDGNYKTRA EVKFEGDTLV NRIELKGIDF KEDGNILGHK LEYNYNSHNV YITADKQKNG IKANFKIRHN IEDGSVQLAD HYQQNTPIGD GPVLLPDNHY LSTQSALSKD PNEKRDHMVL LEFVTAAGIT HGMDELYK
2VVH,IrisFP,data/raw/2VVH.pdb,25.7,16.64,580,0.47,MSAIKPDMKI NLRMEGNVNG HHFVIDGDGT GKPFEGKQSM DLEVKEGGPL PFAFDILTTA FHYGNRVFAE YPDHIQDYFK QSFPKGYSWE RSLTFEDGGI CIARNDITME GDTFYNKVRF HGVNFPANGP VMQKKTLKWE PSTEKMYVRD GVLTGDITMA LLLEGNAHYR CDSRTTYKAK EKGVKLPGYH LVDHCIEILS HDKDYNKVKL YEHAVAHSGL PDNARR
4ZFS,KillerOrange,data/raw/4ZFS.pdb,26.4,17.3,555,0.42,MECGPALFQS DMTFKIFIDG EVNGQKFTIV ADGSSKFPHG DFNVHAVCET GKLPMSWKPI CHLIQWGEPF FARYPDGISH FAQECFPEGL SIDRTVRFEN DGTMTSHHTY ELSDTCVVSR ITVNCDGFQP DGPIMRDQLV DILPSETHMF PHGPNAVRQL AFIGFTTADG GLMMGHLDSK MTFNGSRAIE IPGPHFVTII TKQMRDTSDK RDHVCQREVA HAHSVPRITS AIGSDQD
4JGE,lanRFPDeltaS83l,data/raw/4JGE.pdb,24.7,7.1,592,0.1,MPLPATHDLH ISGSINGHEF DLEGSGKGNA KEGYQELHLK SNKGDLSFSP WILVPNIGYG FYQYLPFPDG AMSPYQAAMH DGGYVMHRSM QFEDGAMLHS DHRYIYKGNH IKGEFRLTGS GFPADGPVMT NSLTAADWCV DKLLYPNDNT IIGKFDWTYT TTSGKRYQSD VQTNVTFGKP IAADILKKQP MFVFRKVELK HTKTELNFKQ WQKAFQDIA
4JF9,laRFP,data/raw/4JF9.pdb,25.8,7.1,592,0.1,MHHHHHHGSP LPATHDLHIS GSINGHEFDL EGSGKGNAKE GYQELHLKSN KGDLSFSPWI LVPNIGYGFY QYLPFPDGAM SPYQAAMHDG SGYVMHRSMQ FEDGAMLHSD HRYIYKGNHI KGEFRLTGSG FPADGPVMTN SLTAADWCVD KLLYPNDNTI IGKFDWTYTT TSGKRYQSDV QTNVTFGKPI AADILKKQPM FVFRKVELKH TKTELNFKQW QKAFQDIA
4Q7R,LSSmOrange,data/raw/4Q7R.pdb,26.7,23.4,572,0.45,MVSKGEENNM AIIKEFMRFK VRMEGSVNGH EFEIEGEGEG RPYEGFQTVK LKVTKGGPLP FAWDILSPQF TYGSKAYVKH PADIPDYLKL SFPEGFKWER VMNFEDGGVV TVTQDSSLQD GEFIYKVKLR GTNFPSDGPV MQKKTMGMEA SSERMYPEDG ALKGEDKLRL KLKDGGHYTS EVKTTYKAKK PVQLPGAYIV DIKLDITSHN EDYTIVEQYE RAEGRHSTGG MDELYK
7OIN,LSSmScarlet,data/raw/7OIN.pdb,26.3,12.68,598,0.42,MVSKGEAVIK EFMRFKVHME GSMNGHEFEI EGEGEGRPYE GTQTAKLKVT KGGPLPFSWD ILSPQFMYGS RAFIKHPADI PDYHKQSFPE GFKWERVMNF EDGGAVTVTQ DTSLEDGTLI YEVKLRGTNF PPDGPVMQKK TMGLEADTER LYPEDGVLKG DIKMALRLKD GGRYLADVRT TYKAKKPVQM PGAYNVDRKL DITSHNEDYT VVEQYERSEG RHSTGGMDEL YK
6XWY,mCRISPRed,data/raw/6XWY.pdb,26.6,13.11,592,0.46,MVSKGEELIK ENMRMKVVME GSVNGHQFKC TGEGEGRPYE GVQTMRIKVI EGGPLPFAFD ILATSFMYGS RTFIKYPADI PDFFKQSFPE GFTWERVTRY EDGGVVTVTQ DTSLEDGELV YNVKVRGVNF PSNGPVMQKK TKGWEADTEM MYPADGGLRG YLDRALKVDG GGHLHCNFVT TYRSKKTVGD IKMPGVHAVD HRLERIEESD NETYVVQREV AVAKYSNLGG GMDELYK
5DTL,mEos2A69T,data/raw/5DTL.pdb,25.9,7.59,580,0.66,MSAIKPDMKI KLRMEGNVNG HHFVIDGDGT GKPFEGKQSM DLEVKEGGPL PFAFDILTTA FHYGNRVFTK YPDNIQDYFK QSFPKGYSWE RSLTFEDGGI CIARNDITME GDTFYNKVRF YGTNFPANGP VMQKKTLKWE PSTEKMYVRD GVLTGDIHMA LLLEGNAHYR CDFRTTYKAK EKGVKLPGYH FVDHCIEILS HDKDYNKVKL YEHAVAHSGL PDNARR
9GVR,mEos4bL93M,data/raw/9GVR.pdb,25.9,36.04,580,0.63,MVSAIKPDMR IKLRMEGNVN GHHFVIDGDG TGKPYEGKQT MDLEVKEGGP LPFAFDILTT AFHYGNRVFV KYPDNIQDYF KQSFPKGYSW ERSMTFEDGG ICNARNDITM EGDTFYNKVR FYGTNFPANG PVMQKKTLKW EPSTEKMYVR DGVLTGDIEM ALLLEGNAHY RCDFRTTYKA KEKGVKLPGA HFVDHAIEIL SHDKDYNKVK LYEHAVAHSG LPDNARR
3P8U,mEosFP,data/raw/3P8U.pdb,25.8,22.94,581,0.62,MSAIKPDMKI NLRMEGNVNG HHFVIDGDGT GKPFEGKQSM DLEVKEGGPL PFAFDILTTA FHYGNRVFAE YPDHIQDYFK QSFPKGYSWE RSLTFEDGGI CIARNDITME GDTFYNKVRF HGTNFPANGP VMQKKTLKWE PSTEKMYVRD GVLTGDIHMA LLLEGNAHYR CDFRTTYKAK EKGVKLPGYH FVDHCIEILS HDKDYNKVKL YEHAVAHSGL PDNARR
4ZBL,mKillerOrange,data/raw/4ZBL.pdb,26.4,17.5,560,0.5,MEVGPALFQS DMTFKIFIDG EVNGQKFTIV ADGSSKFPHG DFNVHAVCET GKLPMSWKPI CHLIQWGEPF FARYPDGISH FAQECFPEGL SIDRTVRFEN DGTMTSHHTY ELDDTCVVSR ITVNCDGFQP DGPIMRDQLV DILPSETHMF PHGPNAVRQT ATIGFTTADG GKMMGHFDSK MTFNGSRAIE IPGPHFVTII TKQTRDTSDK RDHVCQREVA YAHSVPRITS AIGSDED
3 MGF,mKO,data/raw/3MGF.pdb,24.5,30.96,559,0.6,MVSVIKPEMK MRYYMDGSVN GHEFTIEGEG TGRPYEGHQE MTLRVTMAKG GPMPFAFDLV SHVFCYGHRP FTKYPEEIPD YFKQAFPEGL SWERSLEFED GGSASVSAHI SLRGNTFYHK SKFTGVNFPA DGPIMQNQSV DWEPSTEKIT ASDGVLKGDV TMYLKLEGGG NHKCQFKTTY KAAKKILKMP GSHYISHRLV RKTEGNITEL VEDAVAHS
2H5O,mOrange,data/raw/2H5O.pdb,26.7,48.99,562,0.69,MVSKGEENNM AIIKEFMRFK VRMEGSVNGH EFEIEGEGEG RPYEGFQTAK LKVTKGGPLP FAWDILSPQF TYGSKAYVKH PADIPDYFKL SFPEGFKWER VMNFEDGGVV TVTQDSSLQD GEFIYKVKLR GTNFPSDGPV MQKKTMGWEA SSERMYPEDG ALKGEIKMRL KLKDGGHYTS EVKTTYKAKK PVQLPGAYIV GIKLDITSHN EDYTIVEQYE RAEGRHSTGG MDELYK
5LK4,mScarlet,data/raw/5LK4.pdb,26.4,70.0,594,0.7,MVSKGEAVIK EFMRFKVHME GSMNGHEFEI EGEGEGRPYE GTQTAKLKVT KGGPLPFSWD ILSPQFMYGS RAFTKHPADI PDYYKQSFPE GFKWERVMNF EDGGAVTVTQ DTSLEDGTLI YKVKLRGTNF PPDGPVMQKK TMGWEASTER LYPEDGVLKG DIKMALRLKD GGRYLADFKT TYKAKKPVQM PGAYNVDRKL DITSHNEDYT VVEQYERSEG RHSTGGMDEL YK
7ZCT,mScarlet3,data/raw/7ZCT.pdb,25.9,78.0,592,0.75,MDSTEAVIKE FMRFKVHMEG SMNGHEFEIE GEGEGRPYEG TQTAKLRVTK GGPLPFSWDI LSPQFMYGSR AFTKHPADIP DYWKQSFPEG FKWERVMNFE DGGAVSVAQD TSLEDGTLIY KVKLRGTNFP PDGPVMQKKT MGWEASTERL YPEDVVLKGD IKMALRLKDG GRYLADFKTT YRAKKPVQMP GAFNIDRKLD ITSHNEDYTV VEQYERSVAR HSTGGSGGS
8ZXH,mScarlet3H,data/raw/8ZXH.pdb,25.9,18.48,592,0.18,MDSTEAVIKE FMRFKVHMEG SMNGHEFEIE GEGEGRPYEG TQTAKLRVTK GGPLPFSWDI LSPQFMYGSR AFTKHPADIP DYWKQSFPEG FKWERVMNFE DGGAVSVAQD TSLEDGTLIY KVKLRGTNFP PDGPVMQKKT MGWEASTERL YPEDVVLKGD IKHALRLKDG GRYLADFKTT YRAKKPVQMP GAFNIDRKLD ITSHNEDYTV VEQYERSVAR HSTGGSGGS
8ZXO,mScarletH,data/raw/8ZXO.pdb,26.4,14.8,592,0.2,MVSKGEAVIK EFMRFKVHME GSMNGHEFEI EGEGEGRPYE GTQTAKLKVT KGGPLPFSWD ILSPQFMYGS RAFTKHPADI PDYYKQSFPE GFKWERVMNF EDGGAVTVTQ DTSLEDGTLI YKVKLRGTNF PPDGPVMQKK TMGWEASTER LYPEDGVLKG DIKHALRLKD GGRYLADFKT TYKAKKPVQM PGAYNVDRKL DITSHNEDYT VVEQYERSEG RHSTGGMDEL YK
2H5R,mStrawberry,data/raw/2H5R.pdb,26.6,26.1,596,0.29,MVSKGEENNM AIIKEFMRFK VRMEGSVNGH EFEIEGEGEG RPYEGTQTAK LKVTKGGPLP FAWDILTPNF TYGSKAYVKH PADIPDYLKL SFPEGFKWER VMNFEDGGVV TVTQDSSLQD GEFIYKVKLR GTNFPSDGPV MQKKTMGWEA SSERMYPEDG ALKGEIKMRL KLKDGGHYDA EVKTTYKAKK PVQLPGAYIV GIKLDITSHN EDYTIVELYE RAEGRHSTGG MDELYK
4HQ8,pcDronpa,data/raw/4HQ8.pdb,25.4,51.0,581,0.68,MSVIKPDMKI KLRMEGAVNG HPFAIEGVGL GKPFEGKQSM DLKVKEGGPL PFAYDILTTA FHYGNRVFAK YPENIVDYFK QSFPEGYSWE RSMSYEDGGI CIATNDITLD GDCYIYEIRF DGVNFPANGP VMQKRTVKWE PSTEKLYVRD GVLKGDVNMA LSLEGGGHYR CDFKTTYKAK KVVQLPDYHF VDHHIEIKSH DKDYSNVNLH EHAEAHSGLP RQAK
4HE4,phiYFP,data/raw/4HE4.pdb,26.1,69.0,537,0.6,MSSGALLFHG KIPYVVEMEG NVDGHTFSIR GKGYGDASVG KVDAQFICTT GDVPVPWSTL VTTLTYGAQC FAKYGPELKD FYKSCMPEGY VQERTITFEG DGVFKTRAEV TFENGSVYNR VKLNGQGFKK DGHVLGKNLE FNFTPHCLYI WGDQANHGLK SAFKIMHEIT GSKEDFIVAD HTQMNTPIGG GPVHVPEYHH ITYHVTLSKD VTDHRDNMSL VETVRAVDCR KTYL
4Q7T,PSmOrange,data/raw/4Q7T.pdb,26.8,57.78,565,0.51,MVSKGEENNM AIIKEFMRFK VRMEGTVNGH EFEIEGEGEG RPYEGFQTAK LKVTKGGPLP FAWDILSPLF TYGSKAYVKH PADIPDYFKL SFPEGFKWER VMNYEDGGVV TVTQDSSLQD GEFIYKVKMR GTNFPSDGPV MQKKTMGWEA SSERMYPEDG ALKGEIRMRL KLKDGGHYTS EVKTTYKAKK SVQLPGAYIV GIKLDITSHN EDYTIVEQYE RAEGRHSTGG MDELYK
4Q7U,PSmOrange2,data/raw/4Q7U.pdb,26.7,31.11,561,0.61,MVSKGEENNM AIIKEFMRFK VHMEGTVNGH EFEIEGEGEG HPYEGFQTAK LKVTKGGPLP FAWDILSPLI TYGSKAYVKH PADIPDYFKL SFPEGFKWER VMNYEDGGVV TVTQDSSLQD GEFIYKVKMR GTNFPSDGPV MQKKTMGWEA SSERMYPEDG ALKGEIRMRL KLKDGGHYTS EVKTTYKAKK SVLLPGAYIV GIKLDITSHN EDYTIVEQYE RSEARHSTGG MDELYK
3U8C,rsTagRFP,data/raw/3U8C.pdb,26.6,4.05,585,0.11,MVSKGEELIK ENMHMKLYME GTVNNHHFKC TSEGEGKPYE GTQTMRIKVV EGGPLPFAFD ILATSFMYGS RTFINHTQGI PDFWKQSFPE GFTWERVTTY EDGGVLTATQ DTSLQDGCLI YNVKLRGVNF PSNGPVMQKK TLGWEAATEM LYPADGGLEG RGDMALKLVG GGHLICNLKT TYRSKNPAKN LKMPGVYFVD HRLERIKEAD KETYVEQHEV AVARYCDLPS KLGHKLN
3V3D,SHardonnay,data/raw/3V3D.pdb,27.0,66.75,530,0.75,MVSKGEELFT GVVPILVELD GDVNGHKFSV SGEGEGDATY GKLTLKFICT TGKLPVPWPT LVTTFGYGLQ CFARYPDHMK QHDFFKSAMP EGYVQERTIF FKDDGNYKTR AEVKFEGDTL VNRIELKGID FKEDGNILGH KLEYNYNSHN VYIMADKQKN GIKVNFKIRH NIEDGSVQLA DHYQQNTPIG DGPVLLPDNH YLSFQSALSK DPNEKRDHMV LLEFVTAAGI TLGMDELYK
3M22,TagRFP,data/raw/3M22.pdb,26.1,48.0,584,0.48,MSELIKENMH MKLYMEGTVN NHHFKCTSEG EGKPYEGTQT MRIKVVEGGP LPFAFDILAT SFMYGSRTFI NHTQGIPDFF KQSFPEGFTW ERVTTYEDGG VLTATQDTSL QDGCLIYNVK IRGVNFPSNG PVMQKKTLGW EANTEMLYPA DGGLEGRSDM ALKLVGGGHL ICNFKTTYRS KKPAKNLKMP GVYYVDHRLE RIKEADKETY VEQHEVAVAR YCDLPSKLGH K
5JVA,TagRFPT,data/raw/5JVA.pdb,27.6,33.21,584,0.41,MVSKGEELIK ENMHMKLYME GTVNNHHFKC TSEGEGKPYE GTQTMRIKVV EGGPLPFAFD ILATSFMYGS RTFINHTQGI PDFFKQSFPE GFTWERVTTY EDGGVLTATQ DTSLQDGCLI YNVKIRGVNF PSNGPVMQKK TLGWEANTEM LYPADGGLEG RTDMALKLVG GGHLICNFKT TYRSKKPAKN LKMPGVYYVD HRLERIKEAD KETYVEQHEV AVARYCDLPS KLGHKLNGMD ELYK
1XAE,zFP538,data/raw/1XAE.pdb,26.2,8.48,538,0.42,MAHSKHGLKE EMTMKYHMEG CVNGHKFVIT GEGIGYPFKG KQTINLCVIE GGPLPFSEDI LSAGFKYGDR IFTEYPQDIV DYFKNSCPAG YTWGRSFLFE DGAVCICNVD ITVSVKENCI YHKSIFNGMN FPADGPVMKK MTTNWEASCE KIMPVPKQGI LKGDVSMYLL LKDGGRYRCQ FDTVYKAKSV PSKMPEWHFI QHKLLREDRS DAKNQKWQLT EHAIAFPSAL A
3LVA,aceGFP,data/raw/3LVA.pdb,26.77,27.5,505,0.55,MSKGAELFTGIVPILIELNGDVNGHKFSVSGEGEGDATYGKLTLKFICTTGKLPVPWPTLVTTLSYGVQCFSRYPDHMKQHDFFKSAMPEGYIQERTIFFEDDGNYKSRAEVKFEGDTLVNRIELTGTDFKEDGNILGNKMEYNYNAHNVYIMTDKAKNGIKVNFKIRHNIEDGSVQLADHYQQNTPIGDGPVLLPDNHYLSTQSALSKDPNEKRDHMIYFGFVTAAAITHGMDELYK
4DKM,bfloGFPc1,data/raw/4DKM.pdb,23.65,0.15,521,0.0,LPTTHEVHVYGSINGVEFDLVGSGKGNPKDGSEEIQVKSTKGPLGFSPYIVVPNIGYGFHQYLPFPDGMSPFQAAADDGSGYVVHRTIQFEDGASLTGNYRYSYDGGHIKGEFHVVGSGFPADGPVMTKSLTAVDWSVATMLFPNDTTVVSTIDWTCPTTSGKRYHATLRTNYTFAKPIAATILQKQPMFVFRKTEVKASDAEINLKEWQKAFHDL
1HUY,Citrine,data/raw/1HUY.pdb,26.99,58.52,529,0.76,MVSKGEELFTGVVPILVELDGDVNGHKFSVSGEGEGDATYGKLTLKFICTTGKLPVPWPTLVTTFGYGLMCFARYPDHMKQHDFFKSAMPEGYVQERTIFFKDDGNYKTRAEVKFEGDTLVNRIELKGIDFKEDGNILGHKLEYNYNSHNVYIMADKQKNGIKVNFKIRHNIEDGSVQLADHYQQNTPIGDGPVLLPDNHYLSYQSALSKDPNEKRDHMVLLEFVTAAGITLGMDELYK
5WJ2,Clover,data/raw/5WJ2.pdb,26.79,84.36,515,0.76,MVSKGEELFTGVVPILVELDGDVNGHKFSVRGEGEGDATNGKLTLKFICTTGKLPVPWPTLVTTFGYGVACFSRYPDHMKQHDFFKSAMPEGYVQERTISFKDDGTYKTRAEVKFEGDTLVNRIELKGIDFKEDGNILGHKLEYNFNSHNVYITADKQKNGIKANFKIRHNVEDGSVQLADHYQQNTPIGDGPVLLPDNHYLSHQSALSKDPNEKRDHMVLLEFVTAAGITHGMDELYK
2DD7,CpYGFP,data/raw/2DD7.pdb,24.74,53.53,518,0.53,MTTFKIESRIHGNLNGEKFELVGGGVGEEGRLEIEMKTKDKPLAFSPFLLSHCMGYGFYHFASFPKGTKNIYLHAATNGGYTNTRKEIYEDGGILEVNFRYTYEFNKIIGDVECIGHGFPSQSPIFKDTIVKSCPTVDLMLPMSGNIIASSYARAFQLKDGSFYTAEVKNNIDFKNPIHESFSKSGPMFTHRRVEETHTKENLAMVEYQQVFNSAPRDM
1JBZ,deGFP1,data/raw/1JBZ.pdb,26.85,4.59,516,0.16,MSKGEELFTGVVPILVELDGDVNGHKFSVSGEGEGDATYGKLTLKFICTTGKLPVPWPTLVTTFTYGVQCFSRYPDHMKRHDFFKSAMPEGYVQERTIFFKDDGNYKTRAEVKFEGDTLVNRIELKGIDFKEDGNILGHKLEYNYNSGNVYIMADKQKNGIKVNFKIRHNIEDGSVQLADHYQQNTPIGDGPVLLPDNHYLSCQSALSKDPNEKRDHMVLLEFVTAAGITHGMDELYK
2VZX,Dendra2,data/raw/2VZX.pdb,26.12,22.5,507,0.5,MNTPGINLIKEDMRVKVHMEGNVNGHAFVIEGEGKGKPYEGTQTANLTVKEGAPLPFSYDILTTAVHYGNRVFTKYPEDIPDYFKQSFPEGYSWERTMTFEDKGICTIRSDISLEGDCFFQNVRFKGTNFPPNGPVMQKKTLKWEPSTEKLHVRDGLLVGNINMALLLEGGGHYLCDFKTTYKAKKVVQLPDAHFVDHRIEILGNDSDYNKVKLYEHAVARYSPLPSQVW
3ST3,Dreiklang,data/raw/3ST3.pdb,26.95,34.03,529,0.41,MVSKGEELFTGVVPILVELDGDVNGHKFSVSGEGEGDATYGKLTLKFICTTGKLPVPWPTLLTTIGYGLMCFARYPDHMKQHDFFKSAMPEGYVQERTIFFKDDGNYKTRAEVKFEGDTLVNRIELKGIDFKEDGNILGHKLEYNHDSHNVYIMADKQKNGIKVNFKIRHNIEDGSVQLADHYQQNTPIGDGPVLLPDNHYLSYQSALSKDPNEKRDHMVLLEFVTAAGITLGMDELYK
2IE2,Dronpa,data/raw/2IE2.pdb,25.48,80.75,518,0.85,MSVIKPDMKIKLRMEGAVNGHPFAIEGVGLGKPFEGKQSMDLKVKEGGPLPFAYDILTTVFCYGNRVFAKYPENIVDYFKQSFPEGYSWERSMNYEDGGICNATNDITLDGDCYIYEIRFDGVNFPANGPVMQKRTVKWEPSTEKLYVRDGVLKGDVNMALSLEGGGHYRCDFKTTYKAKKVVQLPDYHFVDHHIEIKSHDKDYSNVNLHEHAEAHSELPRQAK
2Y0G,EGFP,data/raw/2Y0G.pdb,26.94,33.54,507,0.6,MVSKGEELFTGVVPILVELDGDVNGHKFSVSGEGEGDATYGKLTLKFICTTGKLPVPWPTLVTTLTYGVQCFSRYPDHMKQHDFFKSAMPEGYVQERTIFFKDDGNYKTRAEVKFEGDTLVNRIELKGIDFKEDGNILGHKLEYNYNSHNVYIMADKQKNGIKVNFKIRHNIEDGSVQLADHYQQNTPIGDGPVLLPDNHYLSTQSALSKDPNEKRDHMVLLEFVTAAGITLGMDELYK
7UGT,FOLD6,data/raw/7UGT.pdb,26.82,86.29,515,0.73,MVSKGEELFTGVVPILVELDGDVNGHKFSVRGEGEGDATNGKLTLKFISTTGKLPVPWPTLVTTLGYGLAVFARYPDHMKQHDFFKSAMPEGYVQERTISFEDDGYYKTRAEVKFEGDTLVNRIVLKGIDFKEDGNILGHKLEYNFNPHNVYITADKQKNGIKANFKTRHNVEDGGVQLADHYQQNTPIGDGPVLLPDNHYLSHQSVLSKDPNEKRDHMVLLEFVTAAGITHDMNELYK
5Y01,Gamillus,data/raw/5Y01.pdb,26.55,74.7,519,0.9,MVSKGEEASGRALFQYPMTSKIELNGEINGKKFKVAGEGFTPSSGRFNMHAYCTTGDLPMSWVVIASPLQYGFHMFAHYPEDITHFFQECFPGSYTLDRTLRMEGDGTLTTHHEYSLEDGCVTSKTTLNASGFDPKGATMTKSFVKQLPNEVKITPHGPNGIRLTSTVLYLKEDGTIQIGTQDCIVTPVGGRKVTQPKAHFLHTQIIQKKDPNDTRDHIVQTELAVAGNLWHGMDELYK
1EMG,GFP,data/raw/1EMG.pdb,26.9,35.2,510,0.64,MSKGEELFTGVVPILVELDGDVNGHKFSVSGEGEGDATYGKLTLKFICTTGKLPVPWPTLVTTFTYGVQCFSRYPDHMKQHDFFKSAMPEGYVQERTIFFKDDGNYKTRAEVKFEGDTLVNRIELKGIDFKEDGNILGHKLEYNYNSHNVYIMADKQKNGIKVNFKIRHNIEDGSVQLADHYQQNTPIGDGPVLLPDNHYLSTQSALSKDPNEKRDHMVLLEFVTAAGITHGMDELYK
7UGR,HyperfolderYFP,data/raw/7UGR.pdb,26.9,71.7,529,0.6,MVSKGEELFTGVVPILVELDGDVNGHKFSVRGEGEGDATNGKLTLKLISTTGKLPVPWPTLVTTLGYGLMVFARYPDHMKQHDFFKSAMPEGYVQERTISFEDDGYYKTRAEVKFEGDTLVNRIVLKGIDFKEDGNILGHKLEYNFNSHNVYITADKQKNGIKANFKIRHNVEDGGVQLADHYQQNTPIGDGPVLLPDNHYLSYQSVLSKDPNEKRDHMVLKERVTAAGITHDMNELYK
4R6B,IrisFPM159A,data/raw/4R6B.pdb,25.63,11.3,513,0.18,MSAIKPDMKINLRMEGNVNGHHFVIDGDGTGKPFEGKQSMDLEVKEGGPLPFAFDILTTAFHYGNRVFAEYPDHIQDYFKQSFPKGYSWERSLTFEDGGICIARNDITMEGDTFYNKVRFHGVNFPANGPVMQKKTLKWEPSTEKMYVRDGVLTGDITAALLLEGNAHYRCDSRTTYKAKEKGVKLPGYHLVDHCIEILSHDKDYNKVKLYEHAVAHSGLPDNARR
1XSS,KikG,data/raw/1XSS.pdb,25.88,55.08,517,0.68,MSVITSEMKMELRMEGAVNGHKFVITGKGSGQPFEGIQNMDLTVIEGGPLPFAFDILTTVFDYGNRVFVKYPEEIVDYFKQSFPEGYSWERSMSYEDGGICLATNNITMKKDGSNCFVYEIRFDGVNFPANGPVMQRKTVKWEPSTEKMYVRDGVLKGDVNMALLLQGGGHYRCDFRTTYKAKKVVQLPDYHFVDHRIEITSHDKDYNKVKLYEHAKAHSGLPRLAK
4P76,KikGR1,data/raw/4P76.pdb,25.76,37.59,517,0.7,MSVITSEMKIELRMEGAVNGHKFVITGKGSGQPFEGIQNVDLTVIEGGPLPFAFDILTTAFHYGNRVFVEYPEEIVDYFKQSFPEGYSWERSMSYEDGGICLATNNITMKKDGSNCFVNEIRFDGVNFPANGPVMQRKTVKWEPSTEKMYVRDGVLKGDVNMALLLQGGGHYRCDFRTTYKAKKVVQLPDYHFVDHQMEITSHDKDYNKVKLYEHAKAHSGLPRLAK
5LTQ,LanYFP,data/raw/5LTQ.pdb,24.72,142.5,524,0.95,MSLPATHELHIFGSFNGVDFDMVGRGTGNPNDGYEELNLKSTKGALQFSPWILVPQIGYGFHQYLPFPDGMSPFQAAMKDGSGYQVHRTMQFEDGASLTSNYRYTYEGSHIKGEFQVIGTGFPADGPVMTNSLTAADWCVTKMLYPNDKTIISTFDWTYTTGSGKRYQSTVRTNYTFAKPMAANILKNQPMFVFRKTELKHSKTELNFKEWQKAFTDVM
3ADF,mAzamiGreen,data/raw/3ADF.pdb,25.85,33.86,505,0.81,MSVIKPEMKIKLCMRGTVNGHNFVIEGEGKGNPYEGTQILDLNVTEGAPLPFAYDILTTVFQYGNRAFTKYPADIQDYFKQTFPEGYHWERSMTYEDQGICTATSNISMRGDCFFYDIRFDGTNFPPNGPVMQKKTLKWEPSTEKMYVRDGVLKGDVNMALLLEGGGHYRCDFKTTYKAKKDVRLPDAHKVDHRIEILKHDKDYNKVKLYENAVARYSMLPSQAK
8QBJ,mBaoJin,data/raw/8QBJ.pdb,26.58,119.04,508,0.93,MVSKGEEENMASTPFKFQLKGTINGKSFTVEGEGEGNSHEGSHKGKYVCTSGKLPMSWAALGTTFGYGMKYYTKYPSGLKNWFREVMPGGFTYDRHIQYKGDGSIHAKHQHFMKNGTYHNIVEFTGQDFKENSPVLTGDMNVSLPNEVPQIPRDDGVECPVTLLYPLLSDKSKYVEAHQYTICKPLHNQPAPDVPYHWIRKQYTQSKDDAEERDHICQSETLEAHLKGMDELYK
3S05,mEos2,data/raw/3S05.pdb,25.84,47.04,519,0.84,MSAIKPDMKIKLRMEGNVNGHHFVIDGDGTGKPFEGKQSMDLEVKEGGPLPFAFDILTTAFHYGNRVFAKYPDNIQDYFKQSFPKGYSWERSLTFEDGGICIARNDITMEGDTFYNKVRFYGTNFPANGPVMQKKTLKWEPSTEKMYVRDGVLTGDIHMALLLEGNAHYRCDFRTTYKAKEKGVKLPGYHFVDHCIEILSHDKDYNKVKLYEHAVAHSGLPDNARR
5LTP,mNeonGreen,data/raw/5LTP.pdb,26.65,92.8,517,0.8,MVSKGEEDNMASLPATHELHIFGSINGVDFDMVGQGTGNPNDGYEELNLKSTKGDLQFSPWILVPHIGYGFHQYLPYPDGMSPFQAAMVDGSGYQVHRTMQFEDGASLTVNYRYTYEGSHIKGEAQVKGTGFPADGPVMTNSLTAADWCRSKKTYPNDKTIISTFKWSYTTGNGKRYRSTARTTYTFAKPMAANYLKNQPMYVFRKTELKHSKTELNFKEWQKAFTDVMGMDELYK
7UGS,MonomerichyperfolderYFP,data/raw/7UGS.pdb,26.96,76.88,529,0.62,MVSKGEELFTGVVPILVELDGDVNGHKFSVRGEGEGDATNGKLTLKLISTTGKLPVPWPTLVTTLGYGLMVFARYPDHMKQHDFFKSAMPEGYVQERTISFEDDGYYKTRAEVKFEGDTLVNRIVLKGIDFKEDGNILGHKLEYNFNPHNVYITADKQKNGIKANFKIRHNVEDGGVQLADHYQQNTPIGDGPVLMPDNHYLSYQSKLSKDPNEKRDHMVLKERVTAAGITHDMNELYK
5JZL,muGFP,data/raw/5JZL.pdb,26.78,52.65,508,0.45,MSKGEELFTGVVPILVELDGDVNGHKFSVRGEGEGDATNGKLTLKFICTTGKLPVPWPTLVTTLTYGVLCFSRYPDHMKRHDFFKSAMPEGYVQERTISFKDDGTYKTRAEVKFEGDTLVNRIELKGIDFKEDGNILGHKLEYNFNSHNVYITADKQKNGIKAYFKIRHNVEDGSVQLADHYQQNTPIGDGPVLLPDNHYLSTQSVLSKDPNEKRDHMVLLEDVTAAGITHGMDELYK
3ZUL,Padron09,data/raw/3ZUL.pdb,25.38,21.96,522,0.61,MSVIKPDMKIKLRMEGAVNGHPFAIEGVGLGKPFEGKQSMDLKVKEGGPLPFAYDILTMAFCYGNRVFAKYPENIVDYFKQSFPEGYSWERSMIYEDGGICNATNDITLDGDCYICEIRFDGVNFPANGPVMQKRTVKWELSTEKLYVRDGVLKSDGNYALSLEGGGHYRCDFKTTYKAKKVVQLPDYHSVDHHIEIISHDKDYSNVNLHEHAEAHSELPRQAK
2G3O,ppluGFP2,data/raw/2G3O.pdb,24.65,42.0,502,0.6,MPAMKIECRITGTLNGVEFELVGGGEGTPEQGRMTNKMKSTKGALTFSPYLLSHVMGYGFYHFGTYPSGYENPFLHAINNGGYTNTRIEKYEDGGVLHVSFSYRYEAGRVIGDFKVVGTGFPEDSVIFTDKIIRSNATVEHLHPMGDNVLVGSFARTFSLRDGGYYSFVVDSHMHFKSAIHPSILQNGGPMFAFRRVEELHSNTELGIVEYQHAFKTPIAFA
5DTZ,rsFolder,data/raw/5DTZ.pdb,26.88,12.9,503,0.25,MVSKGEELFTGVVPILVELDGDVNGHKFSVRGEGEGDATNGKLTLKFICTTGKLPVPWPTLVTTLAYGVLCFSRYPDHMKRHDFFKSAMPEGYVQERTISFKDDGTYKTRAEVKFEGDTLVNRIELKGIDFKEDGNILGHKLEYNFNSHNVYITADKQKNGIKSNFKIRHNVEDGSVQLADHYQQNTPIGDGPVLLPDNHYLSTQSKLSKDPNEKRDHMVLLEFVTAAGITHGMDELYK
1EMC,sg11,data/raw/1EMC.pdb,26.92,10.67,506,0.84,MASKGEELFTGVVPILVELDGDVNGHKFSVSGEGEGDATYGKLTLKFICTTGKLPVPWPTLVTTLSYGVQCFSRYPDHMKRHDFFKSAMPEGYVQERTIFFKDDGNYKTRAEVKFEGDTLVNRIELKGIDFKEDGNILGHKLEYNYNSHNVYIMADKQKNGIKVNFKTRHNIEDGSVQLADHYQQNTPIGDGPVLLPDNHYLSTQSALSKDPNEKRDHMVLLEFVTAAGITHGMDELYN
1EMM,sg12,data/raw/1EMM.pdb,26.95,15.55,508,0.85,MASKGEELFTGVVPILVELDGDVNGHKFSVSGEGEGDATYGKLTLKFICTTGKLPVPWPTLVTTLSYGVQCFSRYPDHMKRHDFFKSAMPEGYVQERTIFFKDDGNYKTRAEVKFEGDTLVNRIELKGIDFKEDGNILGHKLEYNYNSHNVYIMADKQKNGIKVNFKIRHNIEDGSVQLADHYQQNTPIGDGPVLLPDNHYLSTQSALSKDPNEKRDHMVLLEFVTAAGITHGMDELYK
1EMK,sg25,data/raw/1EMK.pdb,26.94,19.91,506,0.76,MASKGEELFTGVVPILVELDGDVNGHKFSVSGEGEGDATYGKLTLKFICTTGKLPVPWPTLVTTLCYGVQCFSRYPDHMKRHDFFKSAMPEGYVQERTIFFKDDGNYKTRAEVKFEGDTLVNRIELKGIDFKEDGNILGHKLEYNYNSHNVYIMADKQKNGIKVNFKTRHNIEDGSVQLADHYQQNTPIGDGPVLLPDNHYLSTQSALSKDPNEKRDHMVLLEFVTAAGITHGMDELYN
8ILK,StayGold,data/raw/8ILK.pdb,24.61,147.87,505,0.93,MASTPFKFQLKGTINGKSFTVEGEGEGNSHEGSHKGKYVCTSGKLPMSWAALGTSFGYGMKYYTKYPSGLKNWFHEVMPEGFTYDRHIQYKGDGSIHAKHQHFMKNGTYHNIVEFTGQDFKENSPVLTGDMNVSLPNEVQHIPRDDGVECPVTLLYPLLSDKSKCVEAHQNTICKPLHNQPAPDVPYHWIRKQYTQSKDDTEERDHICQSETLEAHL
2B3P,SuperfolderGFP,data/raw/2B3P.pdb,26.78,54.15,510,0.65,MSKGEELFTGVVPILVELDGDVNGHKFSVRGEGEGDATNGKLTLKFICTTGKLPVPWPTLVTTLTYGVQCFSRYPDHMKRHDFFKSAMPEGYVQERTISFKDDGTYKTRAEVKFEGDTLVNRIELKGIDFKEDGNILGHKLEYNFNSHNVYITADKQKNGIKANFKIRHNVEDGSVQLADHYQQNTPIGDGPVLLPDNHYLSTQSVLSKDPNEKRDHMVLLEFVTAAGITHGMDELYK
4TZA,ThermostableGreenProtein,data/raw/4TZA.pdb,25.42,42.24,507,0.66,MGAHASVIKPEMKIKLRMEGAVNGHKFVIEGEGIGKPYEGTQTLDLTVEEGAPLPFSYDILTPAFQYGNRAFTKYPEDIPDYFKQAFPEGYSWERSMTYEDQGICIATSDITMEGDCFFYEIRFDGTNFPPNGPVMQKKTLKWEPSTEKMYVEDGVLKGDVEMALLLEGGGHYRCDFKTTYKAKKDVRLPDAHEVDHRIEILSHDKDYNKVRLYEHAEARYS
2G6X,TurboGFP,data/raw/2G6X.pdb,25.69,37.1,502,0.53,MESDESGLPAMEIECRITGTLNGVEFELVGGGEGTPEQGRMTNKMKSTKGALTFSPYLLSHVMGYGFYHFGTYPSGYENPFLHAINNGGYTNTRIEKYEDGGVLHVSFSYRYEAGRVIGDFKVMGTGFPEDSVIFTDKIIRSNATVEHLHPMGDNDLDGSFTRTFSLRDGGYYSSVVDSHMHFKSAIHPSILQNGGPMFAFRRVEEDHSNTELGIVEYQHAFKTPDADAGEE
5JZK,usGFP,data/raw/5JZK.pdb,26.81,46.35,508,0.45,MSKGEELFTGVVPILVELDGDVNGHKFSVRGEGEGDATNGKLTLKFICTTGKLPVPWPTLVTTLTYGVLCFSRYPDHMKRHDFFKSAMPEGYVQERTISFKDDGTYKTRAEVKFEGDTLVNRIELKGIDFKEDGNILGHKLEYNFNSHNVYITADKQKNGIKAYFKIRHNVEDGSVQLADHYQQNTPIGDGPVLLPDNHYLSTQSVLSKDPNEKRDHMVLLEFVTAAGITHGMDELYK
1MYW,Venus,data/raw/1MYW.pdb,26.84,52.55,528,0.57,MVSKGEELFTGVVPILVELDGDVNGHKFSVSGEGEGDATYGKLTLKLICTTGKLPVPWPTLVTTLGYGLQCFARYPDHMKQHDFFKSAMPEGYVQERTIFFKDDGNYKTRAEVKFEGDTLVNRIELKGIDFKEDGNILGHKLEYNYNSHNVYITADKQKNGIKANFKIRHNIEDGGVQLADHYQQNTPIGDGPVLLPDNHYLSYQSALSKDPNEKRDHMVLLEFVTAAGITLGMDELYK
4PFE,vsfGFP0,data/raw/4PFE.pdb,38.39,159.54,510,0.76,MSKGEELFTGVVPILVELDGDVNGHKFSVRGEGEGDATNGKLTLKFICTTGKLPVPWPTLVTTLTYGVQCFSRYPDHMKRHDFFKSAMPEGYVQERTISFKDDGTYKTRAEVKFEGDTLVNRIELKGIDFKEDGNILGHKLEYNFNSHNVYITADKQKNGIKANFKIRHNVEDGSVQLADHYQQNTPIGDGPVLLPDNHYLSTQSVLSKDPNEKRDHMVLLEFVTAAGIAQVQLVESGGALVQPGGSLRLSCAASGFPVNRYSMRWYRQAPGKEREWVAGMSSAGDRSSYEDSVKGRFTISRDDARNTVYLQMNSLKPEDTAVYYCNVNVGFEYWGQGTQVTVS
5DQB,WasCFP,data/raw/5DQB.pdb,26.77,43.35,505,0.85,MVSKGEELFTGVVPILVELDGDVNGHKFSVSGEGEGDATYGKLTLKFICTTGKLPVPWPTLKTTLTWGVQCFARYPDHMKQHDFFKSAMPEGYVQERTIFFKDDGNYKTRAEVKFEGDTLVNRIELKGIDFKEDGNILGHKLEYNAISGNVNITADKQKNGIKANFKIRHNIEDGSVQLADHYQQNTPIGDGPVLLPDNHYLSTQSKQSKDPNEKRDHMVLLEFVTAAGITLGMDELYK
2OJK,ZsGreen,data/raw/2OJK.pdb,26.11,22.43,506,0.63,MAQSKHGLTKEMTMKYRMEGCVDGHKFVITGEGIGYPFKGKQAINLCVVEGGPLPFAEDILSAAFNYGNRVFTEYPQDIVDYFKNSCPAGYTWDRSFLFEDGAVCICNADITVSVEENCMYHESKFYGVNFPADGPVMKKMTDNWEPSCEKIIPVPKQGILKGDVSMYLLLKDGGRLRCQFDTVYKAKSVPRKMPDWHFIQHKLTREDRSDAKNQKWHLTEHAIASGSALP
2A46,amFP486,data/raw/2A46.pdb,25.3,9.6,486,0.24,MRGSHHHHHHGSALSNKFIGDDMKMTYHMDGCVNGHYFTVKGEGNGKPYEGTQTSTFKVTMANGGPLAFSFDILSTVFXNRCFTAYPTSMPDYFKQAFPDGMSYERTFTYEDGGVATASWEISLKGNCFEHKSTFHGVNFPADGPVMAKKTTGWDPSFEKMTVCDGILKGDVTAFLMLQGGGNYRCQFHTSYKTKKPVTMPPNHVVEHRIARTDLDKGGNSVQLTEHAVAHITSVVPF
2WSO,Cerulean,data/raw/2WSO.pdb,26.8,26.66,475,0.62,MVSKGEELFTGVVPILVELDGDVNGHKFSVSGEGEGDATYGKLTLKFICTTGKLPVPWPTLVTTLTWGVQCFARYPDHMKQHDFFKSAMPEGYVQERTIFFKDDGNYKTRAEVKFEGDTLVNRIELKGIDFKEDGNILGHKLEYNAISDNVYITADKQKNGIKANFKIRHNIEDGSVQLADHYQQNTPIGDGPVLLPDNHYLSTQSALSKDPNEKRDHMVLLEFVTAAGITLGMDELYK
3CGL,dsFP483,data/raw/3CGL.pdb,26.4,10.99,483,0.46,MRGSHHHHHHGMSCSKSVIKEEMLIDLHLEGTFNGHYFEIKGKGKGQPNEGTNTVTLEVTKGGPLPFGWHILCPQFXNKAFVHHPDNIHDYLKLSFPEGYTWERSMHFEDGGLCCITNDISLTGNCFYYDIKFTGLNFPPNGPVVQKKTTGWEPSTERLYPRDGVLIGDIHHALTVEGGGHYACDIKTVYRAKKAALKMPGYHYVDTKLVIWNNDKEFMKVEEHEIAVARHHPFYEPKKDK
5OX8,ECFP,data/raw/5OX8.pdb,26.9,13.0,477,0.4,MVSKGEELFTGVVPILVELDGDVNGHKFSVSGEGEGDATYGKLTLKFICTTGKLPVPWPTLVTTLTWGVQCFSRYPDHMKQHDFFKSAMPEGYVQERTIFFKDDGNYKTRAEVKFEGDTLVNRIELKGIDFKEDGNILGHKLEYNYISHNVYITADKQKNGIKANFKIRHNIEDGSVQLADHYQQNTPIGDGPVLLPDNHYLSTQSALSKDPNEKRDHMVLLEFVTAAGITLGMDELYK
2ZO6,KCY,data/raw/2ZO6.pdb,24.7,32.9,488,0.85,MRGSHHHHHHGMASMTGGQQMGRDLYDDDDKMSVIKPEMKMKYFMDGSVNGHEFTVEGEGTGKPYEGKHKITLDVTKGGPLPFAFDLLSTVFXNRCLTKYPDDIPDYFKQCFPGGYSWERKFEFEDGGLAIAKAEISLKGNCFEHKSTIEGTFPDSSPIAQNKTLGWEPSTEKMTVRDGSMKGDDAAYLKLVGGGNHKCYFTTTYTAKKKIPNLPQSHFIGHRISSVVNGTKIGVMEDAIAHLYPFNGVPCQ
2ZO7,KCYR1,data/raw/2ZO7.pdb,24.9,15.9,492,0.75,DPTMVSVIKPEMKMRYYMDGSVNGHEFTVEGEGTGRPYEGKQKITLDVTKGGPLPFAFDLLSTVFXNRALTKYPDDIPDYFKQCFPGGYSWERKFEFEDGGLAIAKAEISLKGNCFEHKSTIEGTFPDSSPIMQNKTLGWEPSTEKMTVRDGSMKGDDASYLKLVGGGNHKCYFTTTYTAKKKIPNLPGSHFIGHRISSVVEGTKIKVMEDAIAHLYPFNGS
4EN1,mCerulean3,data/raw/4EN1.pdb,26.7,34.8,475,0.87,MRGSHHHHHHGLALPVATMVSKGEELFTGVVPILVELDGDVNGHKFSVSGEGEGDATYGKLTLKFICTTGKLPVPWPTLVTTLSWGVQCFARYPDHMKQHDFFKSAMPEGYVQERTIFFKDDGNYKTRAEVKFEGDTLVNRIELKGIDFKEDGNILGHKLEYNAIHGNVYITADKQKNGIKANFGLNCNIEDGSVQLADHYQQNTPIGDGPVLLPDNHYLSTQSKLSKDPNEKRDHMVLLEFVTAAGITLGMDELYKSGLRSRAQA
2OTE,mTFP07,data/raw/2OTE.pdb,27.0,30.0,488,0.5,GVIKPDMKIKLKMEGNVNGHAFVIEGEGEGKPYDGTNTINLEVKEGAPLPFSYDILTNAFXNRAFTKYPDDIPNYFKQSFPEGYSWERTMTFEDKGIVKVKSDISMEEDSFIYEIHLKGENFPPNGPVMQKKTLKWEPSTEILYVRDGVLVGDIKHKLLLEGGGHHRVDFKTIYRAKKAVKLPDYHFVDHRIEILNHDKDYNKVTVYESAVARY
2HQK,mTFP1,data/raw/2HQK.pdb,26.9,54.4,492,0.85,GVIKPDMKIKLKMEGNVNGHAFVIEGEGEGKPYDGTNTINLEVKEGAPLPFSYDILTTAFXNRAFTKYPDDIPNYFKQSFPEGYSWERTMTFEDKGIVKVKSDISMEEDSFIYEIHLKGENFPPNGPVMQKKTTGWDASTERMYVRDGVLKGDVKHKLLLEGGGHHRVDFKTIYRAKKAVKLPDYHFVDHRIEILNHDKDYNKVTVYESAVARNSTDGM
4AR7,mTurquoise,data/raw/4AR7.pdb,26.9,25.2,474,0.84,MVSKGEELFTGVVPILVELDGDVNGHKFSVSGEGEGDATYGKLTLKFICTTGKLPVPWPTLVTTLSWGVQCFARYPDHMKQHDFFKSAMPEGYVQERTIFFKDDGNYKTRAEVKFEGDTLVNRIELKGIDFKEDGNILGHKLEYNYISDNVYITADKQKNGIKANFKIRHNIEDGGVQLADHYQQNTPIGDGPVLLPDNHYLSTQSKLSKDPNEKRDHMVLLEFVTAAGITLGMDELYKHHHHHH
3ZTF,mTurquoise2,data/raw/3ZTF.pdb,26.9,27.9,474,0.93,MVSKGEELFTGVVPILVELDGDVNGHKFSVSGEGEGDATYGKLTLKFICTTGKLPVPWPTLVTTLSWGVQCFARYPDHMKQHDFFKSAMPEGYVQERTIFFKDDGNYKTRAEVKFEGDTLVNRIELKGIDFKEDGNILGHKLEYNYFSDNVYITADKQKNGIKANFKIRHNIEDGGVQLADHYQQNTPIGDGPVLLPDNHYLSTQSALSKDPNEKRDHMVLLEFVTAAGITLGMDELYKHHHHHH
2YDZ,SCFP3A,data/raw/2YDZ.pdb,26.9,16.8,474,0.56,MVSKGEELFTGVVPILVELDGDVNGHKFSVSGEGEGDATYGKLTLKFICTTGKLPVPWPTLVTTLTWGVQCFARYPDHMKQHDFFKSAMPEGYVQERTIFFKDDGNYKTRAEVKFEGDTLVNRIELKGIDFKEDGNILGHKLEYNYISDNVYITADKQKNGIKANFKIRHNIEDGGVQLADHYQQNTPIGDGPVLLPDNHYLSTQSALSKDPNEKRDHMVLLEFVTAAGITLGMDELYKHHHHHH
2EMD,sg42,data/raw/2EMD.pdb,26.9,3.74,450,0.24,MASKGEELFTGVVPILVELDGDVNGHKFSVSGEGEGDATYGKLTLKFICTTGKLPVPWPTLVTTLXVQCFSRYPDHMKRHDFFKSAMPEGYVQERTIFFKDDGNYKTRAEVKFEGDTLVNRIELKGIDFKEDGNILGHKLEYNYNSHNVYIMADKQKNGIKVNFKIRHNIEDGSVQLADHYQQNTPIGDGPVLLPDNHYLSTQSALSKDPNEKRDHMVLLEFVTAAGITHGMDELYK
1EMF,sg50,data/raw/1EMF.pdb,26.9,4.12,450,0.25,MASKGEELFTGVVPILVELDGDVNGHKFSVSGEGEGDATYGKLTLKFICTTGKLPVPWPTLVTTLXVQCFSRYPDHMKRHDFFKSAMPEGYVQERTIFFKDDGNYKTRAEVKFEGDTLVNRIELKGIDFKEDGNILGHKLEYNYNSHNVYIMADKQKNGIKANFKIRHNIEDGSVQLADHYQQNTPIGDGPVLLPDNHYLSTQSALSKDPNEKRDHMVLLEFVTAAGITHGMDELYK
6JC5,shBFP,data/raw/6JC5.pdb,25.5,12.17,458,0.79,MHHHHHHGLLKESMRIKMDMEGTVNGHYFKCEGEGDGNPFTGTQSMRIHVTEGAPLPFAFDILAPCCXSRTFIHHTAGIPDFFKQSFPEGFTWERTTTYEDGGILTAHQDTSLEGNCLIYKVKVLGTNFPADGPVMKNKSEGWEPCTEVVYPDNGVLCGRNVMALKVGDRRLICHLYSSYKSKKAIRALTMPGFHFTDIRLQMPRKKKDEYFELYEASVARYSDLPEK
3M24,TagBFP,data/raw/3M24.pdb,26.3,32.76,457,0.63,MSEELIKENMHMKLYMEGTVDNHHFKCTSEGEGKPYEGTQTMRIKVVEGGPLPFAFDILATSFXSKTFINHTQGIPDFFKQSFPEGFTWERVTTYEDGGVLTATQDTSLQDGCLIYNVKIRGVNFTSNGPVMQKKTLGWEAFTETLYPADGGLEGRNDMALKLVGGSHLIANIKTTYRSKKPAKNLKMPGVYYVDYRLERIKEANNETYVEQHEVAVARYCDLPSKLGHKLN
2YE1,TurquoiseGL,data/raw/2YE1.pdb,26.8,24.6,474,0.82,MVSKGEELFTGVVPILVELDGDVNGHKFSVSGEGEGDATYGKLTLKFICTTGKLPVPWPTLVTTLSWGVQCFARYPDHMKQHDFFKSAMPEGYVQERTIFFKDDGNYKTRAEVKFEGDTLVNRIELKGIDFKEDGNILGHKLEYNYISGNVYITADKQKNGIKANFKIRHNIEDGGVQLADHYQQNTPIGDGPVLLPDNHYLSTQSALSKDPNEKRDHMVLLEFLTAAGITLGMDELYKHHHHHH
